URL,Recommendation,Price Target
https://seekingalpha.com/article/4412787-nvidia-the-golden-ticket-to-the-ai-gold-rush-seems-undervalued,Buy,N/A
https://seekingalpha.com/article/4412072-nvidia-calling-the-peak-for-now-rating-downgrade,Hold,N/A
https://seekingalpha.com/article/4411881-nvidia-is-still-king,Sell,N/A
https://seekingalpha.com/article/4411838-nvidia-when-the-going-gets-tough, Buy,N/A
https://seekingalpha.com/article/4411799-nvidia-obviously-undervalued-for-good-reason-but-not-for-long,Hold,N/A
https://seekingalpha.com/article/4411777-nvidia-a-sobering-longer-term-view-down-50-to-fair-value,Sell,N/A
https://seekingalpha.com/article/4411762-nvidia-the-bubble-might-finally-be-bursting,Buy,N/A
https://seekingalpha.com/article/4411668-nvidia-my-price-target-triggered-so-ive-started-to-buy-the-dip-upgrade,Buy,N/A
https://seekingalpha.com/article/4411212-nvidia-corporation-bulls-finally-unable-to-bear-the-pressure,Buy,N/A
https://seekingalpha.com/article/4411194-nvidia-correction-phase-can-last-a-long-time,Sell,N/A
https://seekingalpha.com/article/4411187-nvidia-how-deepseek-boosts-gpu-demand,Buy,N/A
https://seekingalpha.com/article/4411183-nvidia-why-im-not-selling-no-matter-what-you-say,Buy,N/A
https://seekingalpha.com/article/4411173-nvidia-blackwell-cements-ai-dominance-strong-buy-rating-upgrade,Buy,N/A
https://seekingalpha.com/article/4411163-nvidia-trillion-dollar-shift-here-wall-street-knows-gets-it-wrong,Buy,N/A
https://seekingalpha.com/article/4411156-nvidia-q4-computing-ecosystem-in-post-moores-law-era,Buy,N/A
https://seekingalpha.com/article/4411153-nvidia-remains-leader,Buy,N/A
https://seekingalpha.com/article/4411149-nvidia-stock-plunges-after-q4-earnings-beat-possibly-start-bear-trend,Buy,N/A
https://seekingalpha.com/article/4411144-nvidia-expect-growth-momentum-to-continue-rise-agentic-ai,Buy,N/A
https://seekingalpha.com/article/4411140-nvidia-growth-normalization-continues-slower-margin-recovery-ahead-upgrade,Buy,N/A
https://seekingalpha.com/article/4411137-nvidia-dont-fall-selloff-new-all-time-highs-likely-2025,Buy,N/A
https://seekingalpha.com/article/4411133-nvidia-no-downside-risk-using-options,Buy,N/A
https://seekingalpha.com/article/4411129-nvidia-q4-earnings-review-losing-ai-inference,Buy,N/A
https://seekingalpha.com/article/4411126-nvidia-3-key-takeaways-earnings-season,Buy,N/A
https://seekingalpha.com/article/4411124-nvidia-law-large-numbers,Buy,N/A
https://seekingalpha.com/article/4411121-nvidia-bumpy-road-ahead-year-still-bullish-longer-term,Buy,N/A
https://seekingalpha.com/article/4411119-why-market-isnt-raising-roof-on-nvidias-blockbuster-earnings,Buy,N/A
https://seekingalpha.com/article/4411117-nvidia-revising-estimates-lower,Buy,N/A
https://seekingalpha.com/article/4411115-nvidia-shift-towards-reasoning-models-importance-hedging,Buy,N/A
https://seekingalpha.com/article/4411112-nvidia-king-ai-still-strong-buy,Buy,N/A
https://seekingalpha.com/article/4411109-nvidia-q4-blackwell-production-ramp-up-strong,Buy,N/A
https://seekingalpha.com/article/4411107-nvidias-q4-earnings-signal-continued-dominance,Buy,N/A
https://seekingalpha.com/article/4411104-nvidias-earnings-beat-mind-falling-fcf,Buy,N/A
https://seekingalpha.com/article/4411102-nvidia-q4-fy2025-review-more-consolidation-ahead-technical-analysis,Buy,N/A
https://seekingalpha.com/article/4411099-why-nvidia-such-premium-stock,Buy,N/A
https://seekingalpha.com/article/4411097-bulls-can-breathe-nvidia-beats,Buy,N/A
https://seekingalpha.com/article/4411094-nvidia-growth-slowdown-will-continue,Buy,N/A
https://seekingalpha.com/article/4411092-nvidia-earnings-updated-estimate-revisions-look-overall-market-sentiment,Buy,N/A